{"cameraMode":{"drawMode":0,"name":"Shaded","section":"Shading Mode"},"sceneLighting":true,"audioPlay":false,"sceneViewState":{"m_AlwaysRefresh":false,"showFog":true,"showSkybox":true,"showFlares":true,"showImageEffects":true,"showParticleSystems":true,"showVisualEffectGraphs":true,"m_FxEnabled":true},"in2DMode":false,"pivot":{"x":36.942176818847659,"y":54.30173873901367,"z":37.12495422363281},"rotation":{"x":-0.13164456188678742,"y":0.0644819587469101,"z":-0.008581812493503094,"w":-0.9891608953475952},"size":114.56918334960938,"orthographic":false}